final_disembursed,code,final_committed,title,comp,committed,disembursed,projectnumber
3150000.0,12240,0.0,Institutional Support - Canadian Foodgrains Bank 2011-2016,100,0.0,3150000.0,M013551001
9450000.0,12240,0.0,Institutional Support - Canadian Foodgrains Bank 2011-2016,100,0.0,9450000.0,M013551001
0.0,12281,0.0,"Institutional Support to the International Centre for Diarrhoeal Disease Research, Bangladesh-III",40,20000000.0,3075000.0,A034963001
0.0,12261,0.0,"Institutional Support to the International Centre for Diarrhoeal Disease Research, Bangladesh-III",40,10000000.0,1537500.0,A034963001
1537500.0,13030,10000000.0,"Institutional Support to the International Centre for Diarrhoeal Disease Research, Bangladesh-III",100,10000000.0,1537500.0,A034963001
1537500.0,13020,10000000.0,"Institutional Support to the International Centre for Diarrhoeal Disease Research, Bangladesh-III",100,10000000.0,1537500.0,A034963001
0.0,12250,0.0,"Institutional Support to the International Centre for Diarrhoeal Disease Research, Bangladesh-III",40,40000000.0,6150000.0,A034963001
1537500.0,12240,10000000.0,"Institutional Support to the International Centre for Diarrhoeal Disease Research, Bangladesh-III",100,10000000.0,1537500.0,A034963001
0.0,12220,0.0,"Institutional Support to the International Centre for Diarrhoeal Disease Research, Bangladesh-III",40,50000000.0,7687500.0,A034963001
708787.5,13040,4610000.0,"Institutional Support to the International Centre for Diarrhoeal Disease Research, Bangladesh-III",46.1,10000000.0,1537500.0,A034963001
18900000.0,12240,0.0,Institutional Support - Canadian Foodgrains Bank 2011-2016,100,0.0,18900000.0,M013551001
